id,yearExact,year,flat_tags,nested_keywords,_Inventarnummer,_Datei,_Techniken,_Titel,_Künstler:in
GEM_65_3,1823,1820,Calm/Peaceful,"Darstellung>Architektur;Darstellung>Platz;Darstellung>Obelisk;Darstellung>Palast;Darstellung>Fußgänger;Darstellung>Kutsche;Darstellung>Statue;Darstellung>Pflasterstein;Darstellung>Springbrunnen;Darstellung>Kirchturm;Hauptfarbe>Grays;Akzentfarbe>Greens;Akzentfarbe>Grays;Stil>Realism;Stil>Neoclassicism",GEM 65/3,GEM_65_3.jpg,"Öl auf Leinwand","Blick auf das Potsdamer Stadtschloß und den Alten Markt","Barth, Wilhelm"
GEM_68_53,1930,1930,Calm/Peaceful,"Darstellung>Segelboot;Darstellung>Wasser;Darstellung>Pier;Darstellung>Segelsportler;Darstellung>Mast;Darstellung>See;Darstellung>Bootshaus;Darstellung>Horizont;Darstellung>Spiegelung;Darstellung>Himmel;Hauptfarbe>Grays;Akzentfarbe>Grays;Akzentfarbe>Grays;Stil>Precisionism;Stil>Post-Impressionism",GEM 68/53,GEM_68_53.jpg,"Öl auf Leinwand","Segelboote am Wannsee","Wunderwald, Gustav"
GEM_71_1,1880,1880,Calm/Peaceful,"Darstellung>Park;Darstellung>Baum;Darstellung>Dame;Darstellung>Weg;Darstellung>Fluss;Darstellung>Kleid;Darstellung>Freizeit;Darstellung>Kind;Darstellung>Flaneur;Darstellung>Bank <Möbel>;Hauptfarbe>Grays;Akzentfarbe>Blacks;Akzentfarbe>Grays;Stil>Realism;Stil>Impressionism",GEM 71/1,GEM_71_1.jpg,"Öl auf Leinwand","Am Havelufer","Flickel, Paul"
GEM_72_10,1911,1910,Calm/Peaceful,"Darstellung>Baum;Darstellung>Allee;Darstellung>Mensch;Darstellung>Kutsche;Darstellung>Lesen;Darstellung>Weg;Darstellung>Gebäude;Darstellung>Bank;Darstellung>Freizeit;Darstellung>Schatten;Hauptfarbe>Grays;Akzentfarbe>Browns;Akzentfarbe>Grays;Stil>Impressionism",GEM 72/10,GEM_72_10.jpg,"Öl auf Leinwand","Königin-Augusta-Straße am Calandrelli-Platz in Berlin","Kardorff, Konrad von"
GEM_75_5,1840,1840,Calm/Peaceful,"Darstellung>Markt;Darstellung>Gebäude;Darstellung>Straße;Darstellung>Mensch;Darstellung>Kutsche;Darstellung>Pflasterstein;Darstellung>Kirche;Darstellung>Stände;Darstellung>Kleid;Darstellung>Handel;Hauptfarbe>Greens;Akzentfarbe>Grays;Akzentfarbe>Grays;Stil>Romanticism;Stil>Realism",GEM 75/5,GEM_75_5.jpg,"Öl auf Leinwand","Aussicht auf den ehemaligen berlinischen Rathausthurm",""
GEM_86_14,1879,1880,Calm/Peaceful,"Darstellung>Fluss;Darstellung>Skyline;Darstellung>Baum;Darstellung>Wolke;Darstellung>Wasser;Darstellung>Boot;Darstellung>Gebäude;Darstellung>Spiegelung;Darstellung>Landschaft;Darstellung>Dock;Hauptfarbe>Grays;Akzentfarbe>Blacks;Akzentfarbe>Grays;Stil>Impressionism;Stil>Realism",GEM 86/14,GEM_86_14.jpg,"Öl auf Leinwand","Blick über die Spree zum Lehrter Bahnhof","Krause, Franz"
GEM_89_10,1690,1690,Calm/Peaceful,"Darstellung>Architektur;Darstellung>Kanal;Darstellung>Brücke;Darstellung>Chladni-Figuren;Darstellung>Kutsche;Darstellung>Pferd;Darstellung>Hund;Darstellung>Gehweg;Darstellung>Balkon;Darstellung>Gebäude;Hauptfarbe>Grays;Akzentfarbe>Browns;Akzentfarbe>Whites;Stil>Baroque;Stil>Realism",GEM 89/10,GEM_89_10.jpg,"Öl auf Leinwand","Ansicht des kurfürstlichen Schlosses",""
GEM_93_6,1787,1790,Calm/Peaceful,"Darstellung>Marktplatz;Darstellung>Gebäude;Darstellung>Kirche;Darstellung>Stände;Darstellung>Pflaster;Darstellung>Mensch;Darstellung>Kutsche;Darstellung>Skyline;Darstellung>Fenster;Darstellung>Stadt;Hauptfarbe>Grays;Akzentfarbe>Grays;Akzentfarbe>Greens;Stil>Realism;Stil>Romanticism",GEM 93/6,GEM_93_6.jpg,"Öl auf Leinwand","Ansicht des Neuen Marktes","Rosenberg, Johann Georg"
GS_98_2_GM,1781,1780,Calm/Peaceful,"Darstellung>Landschaft;Darstellung>Mensch;Darstellung>Kutsche;Darstellung>Skyline;Darstellung>Baum;Darstellung>Weg;Darstellung>Horizont;Darstellung>Architektur;Darstellung>Fluss;Darstellung>Land;Hauptfarbe>Grays;Akzentfarbe>Yellows;Akzentfarbe>Browns;Stil>Baroque;Stil>Dutch Golden Age Painting",GS 98/2 GM,GS_98_2_GM.jpg,"Öl auf Leinwand","Berlin, vom Tempelhofer Berg aus gesehen","Fechhelm, Johann Friedrich"
VII_59_512_x,1788,1790,Calm/Peaceful,"Darstellung>Palast;Darstellung>Parade;Darstellung>Soldat;Darstellung>Kutsche;Darstellung>Fußgänger;Darstellung>Pflasterstein;Darstellung>Architektur;Darstellung>Stadt;Darstellung>Fassade;Darstellung>Wolke;Hauptfarbe>Greens;Akzentfarbe>Browns;Akzentfarbe>Grays;Stil>Realism;Stil>Classicism",VII 59/512 x,VII_59_512_x.jpg,"Öl auf Leinwand","Blick vom Schloßplatz in die Königstraße","Fechhelm, Carl Traugott"
VII_59_514_x,1786,1790,Calm/Peaceful,"Darstellung>Palast;Darstellung>Architektur;Darstellung>Chladni-Figuren;Darstellung>Fußgänger;Darstellung>Plastik;Darstellung>Wolke;Darstellung>Innenhof;Darstellung>Säule;Darstellung>Geländer;Darstellung>Zaun;Hauptfarbe>Grays;Akzentfarbe>Greens;Akzentfarbe>Browns;Stil>Baroque;Stil>Rococo",VII 59/514 x,VII_59_514_x.jpg,"Öl auf Leinwand","Platz am Zeughaus mit Blick in die Straße Unter den Linden","Fechhelm, Carl Traugott"
VII_59_515_x,1788,1790,Calm/Peaceful,"Darstellung>Dom;Darstellung>Platz;Darstellung>Fußgänger;Darstellung>Säule;Darstellung>Statue;Darstellung>Kuppel;Darstellung>Fassade;Darstellung>Wolke;Darstellung>Bogen <Architektur>;Darstellung>Platz;Hauptfarbe>Grays;Akzentfarbe>Browns;Akzentfarbe>Greens;Stil>Neoclassicism;Stil>Realism",VII 59/515 x,VII_59_515_x.jpg,"Öl auf Leinwand","Gendarmenmarkt mit dem Französischen Komödienhaus und dem Französischen Dom","Fechhelm, Carl Traugott"
VII_59_742_x,1840,1840,Calm/Peaceful,"Darstellung>Kirche;Darstellung>Turm;Darstellung>Plastik;Darstellung>Baum;Darstellung>Straße;Darstellung>Wolke;Darstellung>Fußgänger;Darstellung>Hund;Darstellung>Statue;Darstellung>Architektur;Hauptfarbe>Greens;Akzentfarbe>Grays;Akzentfarbe>Grays;Stil>Romanticism;Stil>Realism",VII 59/742 x,VII_59_742_x.jpg,"Öl auf Leinwand","",""
VII_59_744_x,1835,1840,Calm/Peaceful,"Darstellung>Fabrik;Darstellung>Schornstein;Darstellung>Rauch;Darstellung>Landschaft;Darstellung>Baum;Darstellung>Feld;Darstellung>Haus;Darstellung>Himmel;Darstellung>Wolke;Darstellung>Landwirtschaft;Hauptfarbe>Browns;Akzentfarbe>Grays;Akzentfarbe>Greens;Stil>Realism;Stil>Naturalism",VII 59/744 x,VII_59_744_x.jpg,"Öl auf Holz","Die Tonwarenfabrik von Ernst March in Charlottenburg","Gärtner, Eduard"
VII_59_950_x,1860,1860,Calm/Peaceful,"Darstellung>Dom;Darstellung>Kanal;Darstellung>Boot;Darstellung>Gebäude;Darstellung>Wasser;Darstellung>Wolke;Darstellung>Baum;Darstellung>Flagge;Darstellung>Dock;Darstellung>Himmel;Hauptfarbe>Greens;Akzentfarbe>Grays;Akzentfarbe>Grays;Stil>Realism;Stil>Romanticism",VII 59/950 x,VII_59_950_x.jpg,"Öl auf Leinwand","Blick vom Kupfergraben zum Königlichen Schloss","Kloß, Friedrich Wilhelm"
VII_60_282_x,1835,1840,Calm/Peaceful,"Darstellung>Landschaft;Darstellung>Park;Darstellung>Versammlung;Darstellung>Fluss;Darstellung>Pavillon;Darstellung>Baum;Darstellung>Chladni-Figuren;Darstellung>Weg;Darstellung>Freizeit;Darstellung>Himmel;Hauptfarbe>Blacks;Akzentfarbe>Grays;Akzentfarbe>Grays;Stil>Romanticism;Stil>Realism",VII 60/282 x,VII_60_282_x.jpg,"Öl auf Holz","Blick auf die Pankower Dorfkirche","Pascal, Jean Barthelemy"
VII_60_662_x,1810,1810,Calm/Peaceful,"Darstellung>Fluss;Darstellung>Kirche;Darstellung>Uhr;Darstellung>Boot;Darstellung>Baum;Darstellung>Angeln;Darstellung>Dorf;Darstellung>Segeln;Darstellung>Reflexion;Darstellung>Gondel <Boot>;Hauptfarbe>Grays;Akzentfarbe>Grays;Akzentfarbe>Grays;Stil>Realism;Stil>Romanticism",VII 60/662 x,VII_60_662_x.jpg,"Öl auf Leinwand","",""
VII_77_1_x,1842,1840,Calm/Peaceful,"Darstellung>Brücke;Darstellung>Architektur;Darstellung>Fluss;Darstellung>Statue;Darstellung>Menschenmenge;Darstellung>Gebäude;Darstellung>Spiegelung;Darstellung>Wolke;Darstellung>Schwan;Darstellung>Balkon;Hauptfarbe>Blacks;Akzentfarbe>Browns;Akzentfarbe>Grays;Stil>Romanticism;Stil>Realism",VII 77/1 x,VII_77_1_x.jpg,"Öl auf Leinwand","Blick auf die Kurfürstenbrücke und das Schloss","Roch, Maximilian"
VII_95_95_x,1829,1830,Calm/Peaceful,"Darstellung>Landschaft;Darstellung>Fluss;Darstellung>Haus;Darstellung>Baum;Darstellung>Boot;Darstellung>Mühle;Darstellung>Wasser;Darstellung>Brücke;Darstellung>Wolke;Darstellung>Laubblatt;Hauptfarbe>Grays;Akzentfarbe>Grays;Akzentfarbe>Blacks;Stil>Realism;Stil>Naturalism",VII 95/95 x,VII_95_95_x.jpg,"Öl auf Leinwand","Märkische Landschaft mit Wassermühle","Hintze, Johann Heinrich"
GEM_75_20,1915,1920,Joyful/Uplifting,"Darstellung>Park;Darstellung>Versammlung;Darstellung>Baum;Darstellung>Menschenmenge;Darstellung>Freizeit;Darstellung>Frau;Darstellung>Mann;Darstellung>Kind;Darstellung>Sonne;Darstellung>Bank <Möbel>;Hauptfarbe>Grays;Akzentfarbe>Browns;Akzentfarbe>Grays;Stil>Impressionism;Stil>Post-Impressionism",GEM 75/20,GEM_75_20.jpg,"Öl auf Leinwand","Spielplatz im Friedrichshain","Paeschke, Paul"
GEM_74_11,1910,1910,Reflective/Nostalgic,"Darstellung>Dom;Darstellung>Balkon;Darstellung>Straße;Darstellung>Gemälde;Darstellung>Wolke;Darstellung>Architektur;Darstellung>Gotik;Darstellung>Straßenbahn;Darstellung>Stadtbild;Darstellung>Fassade;Hauptfarbe>Grays;Akzentfarbe>Greens;Akzentfarbe>Grays;Stil>Impressionism;Stil>Realism",GEM 74/11,GEM_74_11.jpg,"Öl auf Leinwand","Blick auf die Kaiser-Wilhelm-Gedächtniskirche","Mieth, Hugo"
GEM_78_1,1881,1880,Reflective/Nostalgic,"Darstellung>Fluss;Darstellung>Fabrik;Darstellung>Schornstein;Darstellung>Segelboot;Darstellung>Himmel;Darstellung>Baum;Darstellung>Wasser;Darstellung>Fischerei;Darstellung>Wolke;Darstellung>Industrie;Hauptfarbe>Grays;Akzentfarbe>Grays;Akzentfarbe>Grays;Stil>Realism;Stil>Naturalism",GEM 78/1,GEM_78_1.jpg,"Öl auf Leinwand","Die Wäscherei und Färberei Spindler","Andorff, Paul"
GEM_79_44,1860,1860,Reflective/Nostalgic,"Darstellung>Fabrik;Darstellung>Schornstein;Darstellung>Industrie;Darstellung>Arbeiter;Darstellung>Kutsche;Darstellung>Landschaft;Darstellung>Gebäude;Darstellung>Schornstein;Darstellung>Skyline;Darstellung>Pferde <Familie>;Hauptfarbe>Whites;Akzentfarbe>Cyans;Akzentfarbe>Browns;Stil>Realism;Stil>Naturalism",GEM 79/44,GEM_79_44.jpg,"Öl auf Leinwand","Ansicht der Maschinenbauanstalt Julius Freund in Charlottenburg",""
GEM_84_2,1860,1860,Reflective/Nostalgic,"Darstellung>Palast;Darstellung>Architektur;Darstellung>Versammlung;Darstellung>Statue;Darstellung>Garten;Darstellung>Kleid;Darstellung>Säule;Darstellung>Kutsche;Darstellung>Menschenmenge;Darstellung>Baum;Hauptfarbe>Browns;Akzentfarbe>Greens;Akzentfarbe>Browns;Stil>Realism;Stil>Romanticism",GEM 84/2,GEM_84_2.jpg,"Öl auf Leinwand","Ansicht des Opernplatzes mit Blick auf die Neue Wache und das Zeughaus","Brücke, Johann Wilhelm"
GEM_88_4,1835,1840,Reflective/Nostalgic,"Darstellung>Stadtbild;Darstellung>Dach;Darstellung>Kuppel;Darstellung>Fluss;Darstellung>Spitze;Darstellung>Terrasse;Darstellung>Werkzeug;Darstellung>Geländer;Darstellung>Gebäude;Darstellung>Himmel;Hauptfarbe>Browns;Akzentfarbe>Browns;Akzentfarbe>Blacks;Stil>Realism;Stil>Romanticism",GEM 88/4,GEM_88_4.jpg,"Öl auf Leinwand","Blick vom Dach der Friedrich-Werderschen Kirche auf das Friedrichsforum","Gärtner, Eduard"
VII_59_497_x,1830,1830,Reflective/Nostalgic,"Darstellung>Eis;Darstellung>Schlittschuh;Darstellung>Fluss;Darstellung>Schnee;Darstellung>Winter;Darstellung>Landschaft;Darstellung>Mensch;Darstellung>Erholung;Darstellung>Wolke;Darstellung>Gebäude;Hauptfarbe>Grays;Akzentfarbe>Grays;Akzentfarbe>Grays;Stil>Realism;Stil>Naturalism",VII 59/497 x,VII_59_497_x.jpg,"Öl auf Leinwand","Schlittschuhbahn auf der Spree neben den Zelten bei Berlin","Eichler, Wilhelm"
VII_59_513_x,1788,1790,Reflective/Nostalgic,"Darstellung>Architektur;Darstellung>Kutsche;Darstellung>Statue;Darstellung>Kuppel;Darstellung>Stadt;Darstellung>Platz;Darstellung>Fußgänger;Darstellung>Zaun;Darstellung>Baum;Darstellung>Himmel;Hauptfarbe>Greens;Akzentfarbe>Browns;Akzentfarbe>Browns;Stil>Realism;Stil>Classicism",VII 59/513 x,VII_59_513_x.jpg,"Öl auf Leinwand","Blick vom Platz am Zeughaus zum Lustgarten","Fechhelm, Carl Traugott"
VII_59_773_x,1862,1860,Reflective/Nostalgic,"Darstellung>Landschaft;Darstellung>Wald;Darstellung>Weg;Darstellung>Chladni-Figuren;Darstellung>Baum;Darstellung>Schaf;Darstellung>Landleben;Darstellung>Frau;Darstellung>Kind;Darstellung>Sonnenstrahlung;Hauptfarbe>Greens;Akzentfarbe>Grays;Akzentfarbe>Blacks;Stil>Romanticism;Stil>Realism",VII 59/773 x,VII_59_773_x.jpg,"Öl auf Leinwand","Die Gegend des heutigen Breitscheid-Platzes mit dem Anfang des Kurfürstendamms",""
VII_61_703_x,1831,1830,Reflective/Nostalgic,"Darstellung>Brunnen;Darstellung>Platz;Darstellung>Architektur;Darstellung>Landschaft;Darstellung>Wolke;Darstellung>Mensch;Darstellung>Uniform;Darstellung>Gebäude;Darstellung>Gehweg;Darstellung>Plastik;Hauptfarbe>Grays;Akzentfarbe>Grays;Akzentfarbe>Grays;Stil>Realism;Stil>Romanticism",VII 61/703 x,VII_61_703_x.jpg,"Öl auf Leinwand","Die Granitschale im Lustgarten","Hummel, Johann Erdmann"
GEM_70_2,1930,1930,Energetic/Tense,"Darstellung>Straße;Darstellung>Kreuzung;Darstellung>Werbung;Darstellung>autos;Darstellung>Fußgänger;Darstellung>Gebäude;Darstellung>Baum;Darstellung>Buße;Darstellung>Stadt;Darstellung>Verkehr;Hauptfarbe>Grays;Akzentfarbe>Grays;Akzentfarbe>Grays;Stil>Impressionism;Stil>Post-Impressionism",GEM 70/2,GEM_70_2.jpg,"Öl auf Leinwand","Am Potsdamer Platz","Antoine, Otto"
VII_59_940_x,1865,1870,Energetic/Tense,"Darstellung>Konstruktion;Darstellung>Kutsche;Darstellung>Pferde <Familie>;Darstellung>Gebäude;Darstellung>Arbeiter;Darstellung>Schaden;Darstellung>Wagen;Darstellung>Stadtbild;Darstellung>Renovierung;Darstellung>Straße;Hauptfarbe>Grays;Akzentfarbe>Browns;Akzentfarbe>Browns;Stil>Romanticism;Stil>Realism",VII 59/940 x,VII_59_940_x.jpg,"Öl auf Leinwand","Das Tempo der Gründerjahre","Kaiser, Friedrich"
VII_60_527_x,1780,1780,Sad/Melancholic,"Darstellung>Feuer;Darstellung>Rauch;Darstellung>Nacht;Darstellung>Dorf;Darstellung>Zuschauer;Darstellung>Pferd;Darstellung>Baum;Darstellung>Gebäude;Darstellung>Flammen-Atomemissionspektrometrie;Darstellung>Katastrophe;Hauptfarbe>Grays;Akzentfarbe>Blacks;Akzentfarbe>Browns;Stil>Romanticism;Stil>Realism",VII 60/527 x,VII_60_527_x.jpg,"Öl auf Leinwand","Mühlenbrand in Berlin","unbekannter Künstler"
GEM_88_41,1912,1910,Sad/Melancholic,"Darstellung>Straßenbahn;Darstellung>Menschenmenge;Darstellung>Straße;Darstellung>Nacht;Darstellung>Gebäude;Darstellung>Stadt;Darstellung>Transport;Darstellung>Fußgänger;Darstellung>Beleuchtung;Darstellung>Kreuzung;Hauptfarbe>Grays;Akzentfarbe>Grays;Akzentfarbe>Yellows;Stil>Expressionism;Stil>Modernism",GEM 88/41,GEM_88_41.jpg,"Öl auf Leinwand","Nollendorfplatz","Kirchner, Ernst Ludwig"
VII_60_132_x,1843,1840,Joyful/Uplifting,"Darstellung>Festival;Darstellung>Flussufer;Darstellung>Boot;Darstellung>Kostüm;Darstellung>Tanz;Darstellung>Musiker;Darstellung>Versammlung;Darstellung>Interaktion;Darstellung>Küste;Darstellung>Feier;Hauptfarbe>Browns;Akzentfarbe>Blacks;Akzentfarbe>Browns;Stil>Romanticism;Stil>Genre painting",VII 60/132 x,VII_60_132_x.jpg,"Öl auf Leinwand","Stralauer Fischzug","Munk, Jacob"
GEM_64_9,1926,1930,Sad/Melancholic,"Darstellung>Gebäude;Darstellung>Schnee;Darstellung>Hof;Darstellung>Fahne;Darstellung>Hütte;Darstellung>Schornstein;Darstellung>Zaun;Darstellung>Tor;Darstellung>Baum;Darstellung>Winter;Hauptfarbe>Grays;Akzentfarbe>Blacks;Akzentfarbe>Grays;Stil>Naive Art;Stil>Expressionism",GEM 64/9,GEM_64_9.jpg,"Öl auf Leinwand","Berliner Hinterhäuser im Winter","Wunderwald, Gustav"
GEM_66_12,1933,1930,Sad/Melancholic,"Darstellung>Ruine;Darstellung>Zerstörung;Darstellung>Architektur;Darstellung>Balken;Darstellung>Zerstörung <Motiv>;Darstellung>Säule;Darstellung>Schatten;Darstellung>Schaden;Darstellung>Innenarchitektur;Darstellung>Verfall;Hauptfarbe>Grays;Akzentfarbe>Grays;Akzentfarbe>Greens;Stil>Expressionism;Stil>Impressionism",GEM 66/12,GEM_66_12.jpg,"Öl auf Leinwand","Der ausgebrannte Reichstagssaal","Hänsch, Johannes"
GEM_68_25,1904,1900,Sad/Melancholic,"Darstellung>Baum;Darstellung>Weg;Darstellung>Gebäude;Darstellung>Laterne;Darstellung>Zaun;Darstellung>Chladni-Figuren;Darstellung>Fenster;Darstellung>Tür;Darstellung>Hof;Darstellung>Stadt;Hauptfarbe>Blacks;Akzentfarbe>Greens;Akzentfarbe>Grays;Stil>Impressionism;Stil>Realism",GEM 68/25,GEM_68_25.jpg,"Öl auf Leinwand","Blick auf die Nikolaikirche","Skarbina, Franz"
GEM_69_17,1915,1920,Sad/Melancholic,"Darstellung>Landschaft;Darstellung>Schloss;Darstellung>Wolke;Darstellung>Weg;Darstellung>Turm;Darstellung>Feld;Darstellung>Baum;Darstellung>Tor;Darstellung>Mauern;Darstellung>Herrenhaus;Hauptfarbe>Greens;Akzentfarbe>Grays;Akzentfarbe>Grays;Stil>Baroque;Stil>Dutch Golden Age Painting",GEM 69/17,GEM_69_17.jpg,"Öl auf Leinwand","Das Berliner Schloss und seine Umgebung (anonyme Kopie nach Joh. Reuscher)","unbekannter Künstler"
GEM_71_5,1886,1890,Sad/Melancholic,"Darstellung>Fluss;Darstellung>Industrie;Darstellung>Schornstein;Darstellung>Kahn;Darstellung>Gebäude;Darstellung>Kirchturm;Darstellung>Küste;Darstellung>Fischerei;Darstellung>Reflexion;Darstellung>Dock;Hauptfarbe>Greens;Akzentfarbe>Grays;Akzentfarbe>Grays;Stil>Realism;Stil>Naturalism",GEM 71/5,GEM_71_5.jpg,"Öl auf Leinwand","Alt-Berlin","Jacob, Julius"
GEM_73_2,1911,1910,Sad/Melancholic,"Darstellung>Stadtbild;Darstellung>Gebäude;Darstellung>Baum;Darstellung>Straße;Darstellung>Dach;Darstellung>Urbanität;Darstellung>Architektur;Darstellung>Fassade;Darstellung>Platz;Darstellung>Fußgänger;Hauptfarbe>Greens;Akzentfarbe>Blacks;Akzentfarbe>Grays;Stil>Impressionism;Stil>Post-Impressionism",GEM 73/2,GEM_73_2.jpg,"Öl auf Leinwand","Nollendorfplatz","Beckmann, Max"
GEM_76_10,1920,1920,Sad/Melancholic,"Darstellung>Straße;Darstellung>Abend;Darstellung>Fußgänger;Darstellung>Gebäude;Darstellung>Beleuchtung;Darstellung>Automobil;Darstellung>Fenster;Darstellung>Beschilderung;Darstellung>Spiegelung;Darstellung>Stadt;Hauptfarbe>Blacks;Akzentfarbe>Grays;Akzentfarbe>Browns;Stil>Impressionism;Stil>Realism",GEM 76/10,GEM_76_10.jpg,"Öl auf Hartfaser","Leipziger Straße am Abend","Hoeniger, Paul"
GEM_76_31,1891,1890,Sad/Melancholic,"Darstellung>Fluss;Darstellung>Boot;Darstellung>Schornstein;Darstellung>Stadtbild;Darstellung>Küste;Darstellung>Rauch;Darstellung>Skyline;Darstellung>Schiff;Darstellung>Dock;Darstellung>Industrie;Hauptfarbe>Grays;Akzentfarbe>Grays;Akzentfarbe>Grays;Stil>Impressionism;Stil>Realism",GEM 76/31,GEM_76_31.jpg,"Öl auf Malpappe","Die Englische Gasanstalt an der Spree","Meckel, Adolf von"
GEM_80_17,1925,1930,Sad/Melancholic,"Darstellung>Straße;Darstellung>Abend;Darstellung>Wahrzeichen;Darstellung>Baum;Darstellung>Fahrzeug;Darstellung>Fußgänger;Darstellung>Licht;Darstellung>Statue;Darstellung>Spiegelung;Darstellung>Urbanität;Hauptfarbe>Grays;Akzentfarbe>Browns;Akzentfarbe>Blacks;Stil>Impressionism;Stil>Post-Impressionism",GEM 80/17,GEM_80_17.jpg,"Öl auf Holz","Am Anhalter Bahnhof","Licht, Hans"
GEM_80_2,1945,1950,Sad/Melancholic,"Darstellung>Ruine;Darstellung>Dom;Darstellung>Bogen <Architektur>;Darstellung>Baum;Darstellung>Zerstörung <Motiv>;Darstellung>Fenster;Darstellung>Turm;Darstellung>Statue;Darstellung>Fassade;Darstellung>Apsis;Hauptfarbe>Greens;Akzentfarbe>Grays;Akzentfarbe>Grays;Stil>Expressionism;Stil>Impressionism",GEM 80/2,GEM_80_2.jpg,"Mischtechnik","Ruine der Klosterkirche","Dahle, Adolf"
GEM_80_3,1940,1940,Sad/Melancholic,"Darstellung>Stadtbild;Darstellung>Straße;Darstellung>Kutsche;Darstellung>Gebäude;Darstellung>Straße;Darstellung>Fußgänger;Darstellung>Baum;Darstellung>Regen;Darstellung>Dach;Darstellung>Fenster;Hauptfarbe>Grays;Akzentfarbe>Grays;Akzentfarbe>Grays;Stil>Impressionism;Stil>Realism",GEM 80/3,GEM_80_3.jpg,"Öl auf Holz","Blick aus dem Atelierfenster Klosterstraße","Dahle, Adolf"
GEM_84_9,1893,1890,Sad/Melancholic,"Darstellung>Zerstörung;Darstellung>Schutt;Darstellung>Explosion;Darstellung>Zuschauer;Darstellung>Reiter;Darstellung>Zaun;Darstellung>Säule;Darstellung>Statue;Darstellung>Abbruch;Darstellung>Rauch;Hauptfarbe>Grays;Akzentfarbe>Grays;Akzentfarbe>Grays;Stil>Realism;Stil>Impressionism",GEM 84/9,GEM_84_9.jpg,"Öl auf Leinwand","Die Sprengung des Berliner Doms","Gehrke, Fritz"
GEM_85_2,1913,1910,Sad/Melancholic,"Darstellung>Landschaft;Darstellung>Turm;Darstellung>Baum;Darstellung>Haus;Darstellung>Hügel;Darstellung>Landleben;Darstellung>Rohr;Darstellung>Gebäude;Darstellung>Himmel;Darstellung>Wolke;Hauptfarbe>Browns;Akzentfarbe>Grays;Akzentfarbe>Browns;Stil>Impressionism;Stil>Post-Impressionism",GEM 85/2,GEM_85_2.jpg,"Öl auf Leinwand","Wasserturm in Hermsdorf","Beckmann, Max"
GEM_86_35,1905,1910,Sad/Melancholic,"Darstellung>Fluss;Darstellung>Boot;Darstellung>Schnee;Darstellung>Gebäude;Darstellung>Mast;Darstellung>Spiegelung;Darstellung>Wasser;Darstellung>Dach;Darstellung>Dock;Darstellung>Winter;Hauptfarbe>Grays;Akzentfarbe>Greens;Akzentfarbe>Browns;Stil>Impressionism;Stil>Post-Impressionism",GEM 86/35,GEM_86_35.jpg,"Öl auf Pappe","An der Friedrichsgracht","Paeschke, Paul"
GS_08_5_GM,1842,1840,Sad/Melancholic,"Darstellung>Architektur;Darstellung>Turm;Darstellung>Brücke;Darstellung>Fluss;Darstellung>Pfosten;Darstellung>Dock;Darstellung>Gebäude;Darstellung>Dach;Darstellung>Wasser;Darstellung>Fassade;Hauptfarbe>Grays;Akzentfarbe>Browns;Akzentfarbe>Grays;Stil>Realism;Stil>Impressionism",GS 08/5 GM,GS_08_5_GM.jpg,"Öl auf Leinwand","Märkisches Museum mit Waisenbrücke","Geßner, R."
SM_2012-1240_KOU,1905,1910,Sad/Melancholic,"Darstellung>Stadtbild;Darstellung>Fluss;Darstellung>Boot;Darstellung>Gebäude;Darstellung>Dach;Darstellung>Schnee;Darstellung>Kran;Darstellung>Kirchturm;Darstellung>Fenster;Darstellung>Winter;Hauptfarbe>Grays;Akzentfarbe>Grays;Akzentfarbe>Grays;Stil>Impressionism;Stil>Post-Impressionism",SM 2012-1240 KOU,SM_2012-1240_KOU.jpg,"Öl auf Malpappe","Königsberg","unbekannter Künstler"
VII_59_234_x,1931,1930,Sad/Melancholic,"Darstellung>Abend;Darstellung>Menschenmenge;Darstellung>Fußgänger;Darstellung>Straße;Darstellung>Kind;Darstellung>Gebäude;Darstellung>Uhr;Darstellung>Laterne;Darstellung>Beschilderung;Darstellung>Mantel;Hauptfarbe>Grays;Akzentfarbe>Blacks;Akzentfarbe>Grays;Stil>Social Realism;Stil>Impressionism",VII 59/234 x,VII_59_234_x.jpg,"Öl auf Leinwand","Großstadtlichter","Baluschek, Hans"
VII_59_249_x,1929,1930,Sad/Melancholic,"Darstellung>Straßenbahn;Darstellung>Straße;Darstellung>Gebäude;Darstellung>Fußgänger;Darstellung>Kutsche;Darstellung>Wolke;Darstellung>Trolley-Problem;Darstellung>Werbung;Darstellung>Pflasterstein;Darstellung>Stadtbild;Hauptfarbe>Grays;Akzentfarbe>Grays;Akzentfarbe>Grays;Stil>Realism;Stil>Impressionism",VII 59/249 x,VII_59_249_x.jpg,"Öl auf Leinwand","Molkenmarkt",""
VII_59_745_x,1867,1870,Sad/Melancholic,"Darstellung>Fabrik;Darstellung>Schornstein;Darstellung>Fluss;Darstellung>Pappel;Darstellung>Segelboot;Darstellung>Feld;Darstellung>Bauernhaus;Darstellung>Arbeiter;Darstellung>Schornstein;Darstellung>Industrie;Hauptfarbe>Greens;Akzentfarbe>Grays;Akzentfarbe>Greens;Stil>Realism;Stil>Romanticism",VII 59/745 x,VII_59_745_x.jpg,"Öl auf Schieferplatte","Die Tonwarenfabrik von Ernst March in Charlottenburg","Gärtner, Eduard"
VII_59_830_x,1903,1900,Sad/Melancholic,"Darstellung>Stadtbild;Darstellung>Turm;Darstellung>Gebäude;Darstellung>Boot;Darstellung>Fluss;Darstellung>Spiegelung;Darstellung>Chladni-Figuren;Darstellung>Fassade;Darstellung>Skyline;Darstellung>Dock;Hauptfarbe>Grays;Akzentfarbe>Grays;Akzentfarbe>Browns;Stil>Impressionism;Stil>Post-Impressionism",VII 59/830 x,VII_59_830_x.jpg,"Öl auf Malpappe","Spreeblick zur Klosterstraße","Hübner, Ulrich"
VII_59_841_x,1895,1900,Sad/Melancholic,"Darstellung>Stadtbild;Darstellung>Nacht;Darstellung>Straße;Darstellung>Kutsche;Darstellung>Uhrturm;Darstellung>Fußgänger;Darstellung>Regen;Darstellung>Handel;Darstellung>Reflexion;Darstellung>Gebäude;Hauptfarbe>Blacks;Akzentfarbe>Greens;Akzentfarbe>Greens;Stil>Impressionism;Stil>Realism",VII 59/841 x,VII_59_841_x.jpg,"Öl auf Pappe","Der Alexanderplatz bei Nacht","Langhammer, Carl"
VII_60_110_x,1840,1840,Sad/Melancholic,"Darstellung>Gebäude;Darstellung>Himmel;Darstellung>Wolke;Darstellung>Fluss;Darstellung>Boot;Darstellung>Wasserrad;Darstellung>Schornstein;Darstellung>Fachwerk;Darstellung>Dach;Darstellung>Fabrik;Hauptfarbe>Cyans;Akzentfarbe>Grays;Akzentfarbe>Blacks;Stil>Realism;Stil>Naturalism",VII 60/110 x,VII_60_110_x.jpg,"Öl auf Leinwand","Die Königlichen Mühlen am Mühlendamm","Zielke, Leopold"
VII_60_273_x,1850,1850,Sad/Melancholic,"Darstellung>Landschaft;Darstellung>Gebäude;Darstellung>Baum;Darstellung>Himmel;Darstellung>Laubblatt;Darstellung>Dach;Darstellung>Wolke;Darstellung>Dämmerung;Darstellung>Stadt;Darstellung>Innenhof;Hauptfarbe>Greens;Akzentfarbe>Blacks;Akzentfarbe>Browns;Stil>Impressionism;Stil>Realism",VII 60/273 x,VII_60_273_x.jpg,"Öl auf Leinwand","Die Königliche Eisengießerei in der Invalidenstraße","Pfannschmidt, Carl Gottfried"
GEM_64_3,1935,1940,Reflective/Nostalgic,"Darstellung>Stadtbild;Darstellung>Gebäude;Darstellung>Baum;Darstellung>Fußgänger;Darstellung>Herbst;Darstellung>Straße;Darstellung>Laterne;Darstellung>Zaun;Darstellung>Park;Darstellung>Allee;Hauptfarbe>Browns;Akzentfarbe>Browns;Akzentfarbe>Grays;Stil>Impressionism;Stil>Post-Impressionism",GEM 64/3,GEM_64_3.jpg,"Öl auf Leinwand","Gemeindeschule in der Reichenberger Straße 44/45","Hänsch, Johannes"
GEM_66_21,1927,1930,Reflective/Nostalgic,"Darstellung>Gebäude;Darstellung>Stadt;Darstellung>Architektur;Darstellung>Haus;Darstellung>Hof;Darstellung>Fenster;Darstellung>Fassade;Darstellung>Weg;Darstellung>Grünfläche;Darstellung>Schatten;Hauptfarbe>Browns;Akzentfarbe>Greens;Akzentfarbe>Grays;Stil>Realism;Stil>Post-Impressionism",GEM 66/21,GEM_66_21.jpg,"Öl auf Leinwand","Berliner Hinterhaus","Wunderwald, Gustav"
GEM_66_22,1927,1930,Reflective/Nostalgic,"Darstellung>Schlepper;Darstellung>Fluss;Darstellung>Segler <Vögel>;Darstellung>Dock;Darstellung>Baum;Darstellung>Schornstein;Darstellung>Fass;Darstellung>Herbst;Darstellung>Wasser;Darstellung>Leiter;Hauptfarbe>Grays;Akzentfarbe>Grays;Akzentfarbe>Browns;Stil>Post-Impressionism;Stil>Precisionism",GEM 66/22,GEM_66_22.jpg,"Öl auf Leinwand","Planet und Hella","Wunderwald, Gustav"
GEM_66_3,1925,1930,Reflective/Nostalgic,"Darstellung>Straßenbahn;Darstellung>Automobil;Darstellung>Fußgänger;Darstellung>Baum;Darstellung>Gebäude;Darstellung>Straße;Darstellung>Menschenmenge;Darstellung>Stadtbild;Darstellung>Laterne;Darstellung>Werbung;Hauptfarbe>Grays;Akzentfarbe>Browns;Akzentfarbe>Grays;Stil>Impressionism;Stil>Post-Impressionism",GEM 66/3,GEM_66_3.jpg,"Öl auf Leinwand","Leipziger Platz","Antoine, Otto"
GEM_67_2,1886,1890,Reflective/Nostalgic,"Darstellung>Park;Darstellung>Baum;Darstellung>Gebäude;Darstellung>Mensch;Darstellung>Spaziergänger;Darstellung>Bank <Möbel>;Darstellung>Springbrunnen;Darstellung>Straße;Darstellung>Kleid;Darstellung>Architektur;Hauptfarbe>Greens;Akzentfarbe>Browns;Akzentfarbe>Grays;Stil>Realism;Stil>Impressionism",GEM 67/2,GEM_67_2.jpg,"Öl auf Holz","Der Wilhelmplatz im Frühling","Jacob, Julius"
GEM_68_14,1927,1930,Reflective/Nostalgic,"Darstellung>Straßenbahn;Darstellung>Laterne;Darstellung>Fußgänger;Darstellung>Gebäude;Darstellung>Nacht;Darstellung>Stadt;Darstellung>Kreuzung;Darstellung>Gehweg;Darstellung>Handel;Darstellung>Verkehr;Hauptfarbe>Grays;Akzentfarbe>Browns;Akzentfarbe>Blacks;Stil>Impressionism;Stil>Post-Impressionism",GEM 68/14,GEM_68_14.jpg,"Öl auf Leinwand","Potsdamer Straße Ecke Lützowstraße","Hänsch, Johannes"
GEM_68_43,1866,1870,Reflective/Nostalgic,"Darstellung>Landschaft;Darstellung>Dorf;Darstellung>Feld;Darstellung>Baum;Darstellung>Wolke;Darstellung>Eisenbahn;Darstellung>Weg;Darstellung>Haus;Darstellung>Zaun;Darstellung>Rauch;Hauptfarbe>Greens;Akzentfarbe>Grays;Akzentfarbe>Browns;Stil>Realism;Stil>Impressionism",GEM 68/43,GEM_68_43.jpg,"Öl auf Pappe","Kreuzberg mit der Anhaltischen Bahn","Monogrammist O K"
GEM_69_26,1905,1910,Reflective/Nostalgic,"Darstellung>Schnee;Darstellung>Straßenbahn;Darstellung>Fahrrad;Darstellung>Fußgänger;Darstellung>Kutsche;Darstellung>Gebäude;Darstellung>Straße;Darstellung>Winter;Darstellung>Wagen;Darstellung>Hut;Hauptfarbe>Yellows;Akzentfarbe>Grays;Akzentfarbe>Grays;Stil>Impressionism;Stil>Post-Impressionism",GEM 69/26,GEM_69_26.jpg,"Öl auf Pappe","Berliner Straße im Schnee mit Litfasssäule","Skarbina, Franz"
GEM_72_16,1925,1930,Reflective/Nostalgic,"Darstellung>Brücke;Darstellung>Fluss;Darstellung>Boot;Darstellung>Zuschauer;Darstellung>Dampf;Darstellung>Gebäude;Darstellung>Enten <Unterfamilie>;Darstellung>Schwan;Darstellung>Geländer;Darstellung>Rauch;Hauptfarbe>Grays;Akzentfarbe>Grays;Akzentfarbe>Blacks;Stil>Impressionism;Stil>Realism",GEM 72/16,GEM_72_16.jpg,"Öl auf Leinwand","Blick auf die Jannowitzbrücke","Paeschke, Paul"
GEM_73_13,1894,1890,Reflective/Nostalgic,"Darstellung>Marktplatz;Darstellung>Architektur;Darstellung>Plastik;Darstellung>Säule;Darstellung>Kutsche;Darstellung>Händler;Darstellung>Menschenmenge;Darstellung>Dach;Darstellung>Zelt;Darstellung>Fußgänger;Hauptfarbe>Grays;Akzentfarbe>Grays;Akzentfarbe>Grays;Stil>Realism;Stil>Romanticism",GEM 73/13,GEM_73_13.jpg,"Öl auf Leinwand","Gendarmenmarkt","Soehlke, Gerhard"
GEM_74_10,1872,1870,Reflective/Nostalgic,"Darstellung>Statue;Darstellung>Mensch;Darstellung>Baum;Darstellung>Park;Darstellung>Pflaster;Darstellung>Zaun;Darstellung>Architektur;Darstellung>Freizeit;Darstellung>Außenanlage;Darstellung>Tag;Hauptfarbe>Grays;Akzentfarbe>Grays;Akzentfarbe>Grays;Stil>Impressionism;Stil>Realism",GEM 74/10,GEM_74_10.jpg,"Öl auf Leinwand","Das Standbild des Generals von Seydlitz auf dem Wilhelmplatz","Lulvès, Jean"
GEM_74_4,1907,1910,Reflective/Nostalgic,"Darstellung>Fluss;Darstellung>Brücke;Darstellung>Gebäude;Darstellung>Kuppel;Darstellung>Spiegelung;Darstellung>Wasser;Darstellung>Baum;Darstellung>Stadtbild;Darstellung>Skyline;Darstellung>Sonnenuntergang <Motiv>;Hauptfarbe>Greens;Akzentfarbe>Greens;Akzentfarbe>Grays;Stil>Impressionism;Stil>Realism",GEM 74/4,GEM_74_4.jpg,"Öl auf Leinwand","Kaiser-Friedrich-Museum","Fleischer, Max"
GEM_75_19,1911,1910,Reflective/Nostalgic,"Darstellung>Markt;Darstellung>Platz;Darstellung>Menschenmenge;Darstellung>Baum;Darstellung>Statue;Darstellung>Gebäude;Darstellung>Stände;Darstellung>Mensch;Darstellung>Stadtbild;Darstellung>Versammlung;Hauptfarbe>Grays;Akzentfarbe>Grays;Akzentfarbe>Grays;Stil>Impressionism;Stil>Post-Impressionism",GEM 75/19,GEM_75_19.jpg,"Öl auf Leinwand","Weihnachtsmarkt auf dem Belle-Alliance-Platz","Paeschke, Paul"
GEM_75_7,1912,1910,Reflective/Nostalgic,"Darstellung>Stadtbild;Darstellung>Straße;Darstellung>Straßenbahn;Darstellung>Kutsche;Darstellung>Kiosk;Darstellung>Fußgänger;Darstellung>Gebäude;Darstellung>Werbung;Darstellung>Regen;Darstellung>Regenschirm;Hauptfarbe>Grays;Akzentfarbe>Greens;Akzentfarbe>Grays;Stil>Impressionism;Stil>Post-Impressionism",GEM 75/7,GEM_75_7.jpg,"Öl auf Leinwand","Der Spittelmarkt","Hoeniger, Paul"
GEM_78_5,1875,1880,Reflective/Nostalgic,"Darstellung>Kanal;Darstellung>Fluss;Darstellung>Boot;Darstellung>Brücke;Darstellung>Gebäude;Darstellung>Baum;Darstellung>Küste;Darstellung>Ruderboot;Darstellung>Schwan;Darstellung>Architektur;Hauptfarbe>Grays;Akzentfarbe>Browns;Akzentfarbe>Grays;Stil>Impressionism;Stil>Realism",GEM 78/5,GEM_78_5.jpg,"Öl auf Leinwand","Blick auf die Lange Brücke und das Schloß","Jacob, Julius"
GEM_80_32,1894,1890,Reflective/Nostalgic,"Darstellung>Straße;Darstellung>Pferd;Darstellung>Kutsche;Darstellung>Straßenbahn;Darstellung>Fußgänger;Darstellung>Gebäude;Darstellung>Abend;Darstellung>Lampe;Darstellung>Himmel;Darstellung>Mond <Motiv>;Hauptfarbe>Yellows;Akzentfarbe>Greens;Akzentfarbe>Grays;Stil>Impressionism;Stil>Realism",GEM 80/32,GEM_80_32.jpg,"Öl auf Leinwand","Am Schlesischen Tor",""
GEM_81_1,1855,1860,Reflective/Nostalgic,"Darstellung>Architektur;Darstellung>Plastik;Darstellung>Platz;Darstellung>Reiter;Darstellung>Fußgänger;Darstellung>Säule;Darstellung>Statue;Darstellung>Garten;Darstellung>Laubblatt;Darstellung>Gebäude;Hauptfarbe>Blacks;Akzentfarbe>Grays;Akzentfarbe>Browns;Stil>Neoclassicism;Stil>Realism",GEM 81/1,GEM_81_1.jpg,"Öl auf Leinwand","Ansicht auf das Denkmal Friedrichs des Großen nebst Umgebung","Brücke, Johann Wilhelm"
GEM_81_12,1785,1790,Reflective/Nostalgic,"Darstellung>Palast;Darstellung>Statue;Darstellung>Kutsche;Darstellung>Brücke;Darstellung>Kanal;Darstellung>Baum;Darstellung>Wolke;Darstellung>Fußgänger;Darstellung>Säule;Darstellung>Geländer;Hauptfarbe>Browns;Akzentfarbe>Blacks;Akzentfarbe>Grays;Stil>Realism;Stil>Classicism",GEM 81/12,GEM_81_12.jpg,"Öl auf Leinwand","Ansicht des Zeughauses und der Opernbrücke","Fechhelm, Carl Traugott (Umkreis)"
GEM_81_8,1901,1900,Reflective/Nostalgic,"Darstellung>Hof;Darstellung>Gebäude;Darstellung>Bogen <Architektur>;Darstellung>Huhn;Darstellung>Mensch;Darstellung>Korb;Darstellung>Pflasterstein;Darstellung>Fenster;Darstellung>Wäscherei;Darstellung>Konversation;Hauptfarbe>Blacks;Akzentfarbe>Grays;Akzentfarbe>Grays;Stil>Realism;Stil>Romanticism",GEM 81/8,GEM_81_8.jpg,"Öl auf Leinwand","Der Krögel","Adam, Michael"
GEM_86_54,1948,1950,Reflective/Nostalgic,"Darstellung>Karussell;Darstellung>Abend;Darstellung>Stadtbild;Darstellung>Sonnenuntergang <Motiv>;Darstellung>Erholung;Darstellung>Chladni-Figuren;Darstellung>Skyline;Darstellung>Freizeit;Darstellung>Pferde <Familie>;Darstellung>Menschenmenge;Hauptfarbe>Grays;Akzentfarbe>Greens;Akzentfarbe>Grays;Stil>Impressionism;Stil>Post-Impressionism",GEM 86/54,GEM_86_54.jpg,"Öl auf Leinwand","Ruinen am Lehniner Platz","Heckert-Fechner, Maria"
GEM_86_6,1907,1910,Reflective/Nostalgic,"Darstellung>Gemälde;Darstellung>Fluss;Darstellung>Brücke;Darstellung>Kuppel;Darstellung>Säule;Darstellung>Boot;Darstellung>Wasser;Darstellung>Spiegelung;Darstellung>Himmel;Darstellung>Wolke;Hauptfarbe>Grays;Akzentfarbe>Browns;Akzentfarbe>Browns;Stil>Impressionism;Stil>Post-Impressionism",GEM 86/6,GEM_86_6.jpg,"Öl auf Leinwand","Kaiser-Friedrich-Museum","Fleischer, Max"
GEM_87_2,1849,1850,Reflective/Nostalgic,"Darstellung>Kanal;Darstellung>Dom;Darstellung>Boot;Darstellung>Gasse;Darstellung>Wäscherei;Darstellung>Treppe;Darstellung>Sonne;Darstellung>Wasser;Darstellung>Dach;Darstellung>Kuppel;Hauptfarbe>Blacks;Akzentfarbe>Whites;Akzentfarbe>Grays;Stil>Romanticism;Stil>Realism",GEM 87/2,GEM_87_2.jpg,"Öl auf Leinwand","Blick über den Mühlengraben auf die Schlosskuppel","Schwendy, Albert"
GEM_87_8,1892,1890,Reflective/Nostalgic,"Darstellung>Architektur;Darstellung>Dom;Darstellung>Platz;Darstellung>Pferd;Darstellung>Kutsche;Darstellung>Kuppel;Darstellung>Pflasterstein;Darstellung>Fußgänger;Darstellung>Laterne;Darstellung>Dach;Hauptfarbe>Grays;Akzentfarbe>Grays;Akzentfarbe>Grays;Stil>Realism;Stil>Romanticism",GEM 87/8,GEM_87_8.jpg,"Öl auf Leinwand","Blick von der Schleusenbrücke zum Berliner Schloß","Kiekebusch, Albert"
GEM_88_14,1830,1830,Reflective/Nostalgic,"Darstellung>Winter;Darstellung>Schneemann;Darstellung>Kind;Darstellung>Schnee;Darstellung>Dorf;Darstellung>Haus;Darstellung>Baum;Darstellung>Windmühle;Darstellung>Fluss;Darstellung>Schlitten;Hauptfarbe>Purples;Akzentfarbe>Purples;Akzentfarbe>Blacks;Stil>Realism;Stil>Romanticism",GEM 88/14,GEM_88_14.jpg,"Öl auf Leinwand","Berlinische Winterlandschaft","Remmers, J."
GEM_88_7,1891,1890,Reflective/Nostalgic,"Darstellung>Fluss;Darstellung>Brücke;Darstellung>Gebäude;Darstellung>Schornstein;Darstellung>Boot;Darstellung>Mensch;Darstellung>Lampe;Darstellung>Pflasterstein;Darstellung>Baum;Darstellung>Wolke;Hauptfarbe>Greens;Akzentfarbe>Grays;Akzentfarbe>Blacks;Stil>Impressionism;Stil>Realism",GEM 88/7,GEM_88_7.jpg,"Öl auf Leinwand","Blick auf die Jannowitzbrücke","Jacob, Julius"
GEM_88_9,1905,1910,Reflective/Nostalgic,"Darstellung>Herbst;Darstellung>Park;Darstellung>Plastik;Darstellung>Kind;Darstellung>Baum;Darstellung>Weg;Darstellung>Blatt;Darstellung>Statue;Darstellung>Blumenbeet;Darstellung>Laubblatt;Hauptfarbe>Grays;Akzentfarbe>Grays;Akzentfarbe>Browns;Stil>Impressionism;Stil>Post-Impressionism",GEM 88/9,GEM_88_9.jpg,"Öl auf Leinwand","Parklandschaft in Paris","Klausner-Speer, Judith"
GEM_89_24,1860,1860,Reflective/Nostalgic,"Darstellung>Architektur;Darstellung>Gebäude;Darstellung>Haus;Darstellung>Straße;Darstellung>Baum;Darstellung>Zaun;Darstellung>Fassade;Darstellung>Stadt;Darstellung>Fenster;Darstellung>Dach;Hauptfarbe>Browns;Akzentfarbe>Grays;Akzentfarbe>Browns;Stil>Realism;Stil>Romanticism",GEM 89/24,GEM_89_24.jpg,"Öl auf Leinwand","Ansicht des Wohnhauses Bramer","Schultz, Maria von"
GEM_89_25,1860,1860,Reflective/Nostalgic,"Darstellung>Herrenhaus;Darstellung>Baum;Darstellung>Weg;Darstellung>Garten;Darstellung>Treppe;Darstellung>Symmetrie;Darstellung>Laubblatt;Darstellung>Grundstück;Darstellung>Brücke;Darstellung>Wiese;Hauptfarbe>Greens;Akzentfarbe>Grays;Akzentfarbe>Blacks;Stil>Realism;Stil>Naive Art",GEM 89/25,GEM_89_25.jpg,"Öl auf Leinwand","Gartenseite der Häuser","Schultz, Maria von"
GS_07_35_GM,1847,1850,Reflective/Nostalgic,"Darstellung>Fabrik;Darstellung>Schornstein;Darstellung>Rauch;Darstellung>Pferde <Familie>;Darstellung>Kutsche;Darstellung>Arbeiter;Darstellung>Uhrturm;Darstellung>Holz;Darstellung>Wagen;Darstellung>Industrie;Hauptfarbe>Browns;Akzentfarbe>Grays;Akzentfarbe>Browns;Stil>Realism;Stil>Romanticism",GS 07/35 GM,GS_07_35_GM.jpg,"Öl auf Leinwand","Borsig's Maschinenbau-Anstalt zu Berlin","Biermann, Carl Eduard"
GS_08_2_GM,1890,1890,Reflective/Nostalgic,"Darstellung>Herrenhaus;Darstellung>Kutsche;Darstellung>Baum;Darstellung>Zaun;Darstellung>Frau;Darstellung>Kind;Darstellung>Pferd;Darstellung>Fenster;Darstellung>Weg;Darstellung>Gentleman;Hauptfarbe>Grays;Akzentfarbe>Blacks;Akzentfarbe>Browns;Stil>Realism;Stil>Impressionism",GS 08/2 GM,GS_08_2_GM.jpg,"Öl auf Leinwand","Ansicht des Hauses Tiergartenstraße Nr. 10 in Berlin","unbekannter Künstler"
SM_2011-2687,1933,1930,Reflective/Nostalgic,"Darstellung>Stadtbild;Darstellung>Fluss;Darstellung>Brücke;Darstellung>Kirche;Darstellung>Skyline;Darstellung>Hügel;Darstellung>Wolke;Darstellung>Wald;Darstellung>Bezirk;Darstellung>Küste;Hauptfarbe>Grays;Akzentfarbe>Grays;Akzentfarbe>Grays;Stil>Impressionism;Stil>Expressionism",SM 2011-2687,SM_2011-2687.jpg,"Öl auf Leinwand","Potsdam mit großer Brücke",""
SM_2012-0158,1778,1780,Reflective/Nostalgic,"Darstellung>Dom;Darstellung>Straße;Darstellung>Flaneur;Darstellung>Architektur;Darstellung>Fußgänger;Darstellung>Gebäude;Darstellung>Säule;Darstellung>Himmel;Darstellung>Schatten;Darstellung>Stadt;Hauptfarbe>Browns;Akzentfarbe>Greens;Akzentfarbe>Grays;Stil>Realism;Stil>Romanticism",SM 2012-0158,SM_2012-0158.jpg,"Öl auf Leinwand","Ansicht eines Teils der Mauerstraße mit der Dreifaltigkeitskirche","Rosenberg, Johann Georg"
SM_2018-09251,1895,1900,Reflective/Nostalgic,"Darstellung>Herrenhaus;Darstellung>Landschaft;Darstellung>Baum;Darstellung>Garten;Darstellung>Architektur;Darstellung>Weg;Darstellung>Treppe;Darstellung>Laubblatt;Darstellung>Zaun;Darstellung>Dach;Hauptfarbe>Grays;Akzentfarbe>Grays;Akzentfarbe>Grays;Stil>Realism;Stil>Impressionism",SM 2018-09251,SM_2018-09251.jpg,"Öl auf Leinwand","Sagan","unbekannter Künstler"
VII_59_235_x,1929,1930,Reflective/Nostalgic,"Darstellung>Straße;Darstellung>Abend;Darstellung>Fußgänger;Darstellung>Gebäude;Darstellung>Lampe <Optik>;Darstellung>Regen;Darstellung>Spiegelung;Darstellung>Kanal;Darstellung>Stadt;Darstellung>Konversation;Hauptfarbe>Grays;Akzentfarbe>Grays;Akzentfarbe>Blacks;Stil>Impressionism;Stil>Post-Impressionism",VII 59/235 x,VII_59_235_x.jpg,"Öl auf Leinwand","Großstadtwinkel",""
VII_59_237_x,1895,1900,Reflective/Nostalgic,"Darstellung>Abend;Darstellung>Restaurant;Darstellung>Segler <Vögel>;Darstellung>Laterne;Darstellung>Gespräch;Darstellung>Frau;Darstellung>Mann;Darstellung>Lesen;Darstellung>Garten;Darstellung>Nacht;Hauptfarbe>Greens;Akzentfarbe>Blacks;Akzentfarbe>Grays;Stil>Impressionism;Stil>Realism",VII 59/237 x,VII_59_237_x.jpg,"Öl auf Leinwand","Heimkehr - Sonntagnachmittag","Baluschek, Hans"
VII_59_259_x,1925,1930,Reflective/Nostalgic,"Darstellung>Werkstatt;Darstellung>Flagge;Darstellung>Wolke;Darstellung>Mann;Darstellung>Werkzeug;Darstellung>Stuhl;Darstellung>Zaun;Darstellung>Overall;Darstellung>Gießkanne;Darstellung>Pflanzen;Hauptfarbe>Grays;Akzentfarbe>Grays;Akzentfarbe>Blacks;Stil>Realism;Stil>Impressionism",VII 59/259 x,VII_59_259_x.jpg,"Öl auf Leinwand","Sonnenidyll","Baluschek, Hans"
VII_59_261_x,1932,1930,Reflective/Nostalgic,"Darstellung>Baum;Darstellung>Fluss;Darstellung>Mensch;Darstellung>Brücke;Darstellung>Landschaft;Darstellung>Wandern;Darstellung>Wolke;Darstellung>Wald;Darstellung>Beobachtung;Darstellung>Versammlung;Hauptfarbe>Grays;Akzentfarbe>Grays;Akzentfarbe>Grays;Stil>Impressionism;Stil>Realism",VII 59/261 x,VII_59_261_x.jpg,"Öl auf Leinwand","Sonntagsparade","Baluschek, Hans"
VII_59_267_x,1927,1930,Reflective/Nostalgic,"Darstellung>Stadtbild;Darstellung>Pflasterstein;Darstellung>Fußgänger;Darstellung>Gebäude;Darstellung>Baum;Darstellung>Tor;Darstellung>Treppe;Darstellung>Beschilderung;Darstellung>Straße;Darstellung>Dach;Hauptfarbe>Greens;Akzentfarbe>Grays;Akzentfarbe>Grays;Stil>Realism;Stil>Impressionism",VII 59/267 x,VII_59_267_x.jpg,"Öl auf Leinwand","Alt-Berlin, Waisenstraße","Baluschek, Hans"
VII_59_433_x,1839,1840,Reflective/Nostalgic,"Darstellung>Platz;Darstellung>Parade;Darstellung>Gebäude;Darstellung>Soldat;Darstellung>Kutsche;Darstellung>Zivilbevölkerung;Darstellung>Baum;Darstellung>Mode;Darstellung>Hund;Darstellung>Kind;Hauptfarbe>Browns;Akzentfarbe>Browns;Akzentfarbe>Grays;Stil>Romanticism;Stil>Realism",VII 59/433 x,VII_59_433_x.jpg,"Öl auf Leinwand","Parade vor dem Königlichen Palais","Brücke, Johann Wilhelm"
VII_59_483_x,1770,1770,Reflective/Nostalgic,"Darstellung>Landschaft;Darstellung>Chladni-Figuren;Darstellung>Baum;Darstellung>Himmel;Darstellung>Wolke;Darstellung>Dorf;Darstellung>Reiten;Darstellung>Versammlung;Darstellung>Erholung;Darstellung>Freizeit;Hauptfarbe>Browns;Akzentfarbe>Blacks;Akzentfarbe>Grays;Stil>Romanticism;Stil>Realism",VII 59/483 x,VII_59_483_x.jpg,"Öl auf Leinwand","Die Zelten","Chodowiecki, Daniel"
VII_59_747_x,1835,1840,Reflective/Nostalgic,"Darstellung>Brücke;Darstellung>Plastik;Darstellung>Baum;Darstellung>Fluss;Darstellung>Fußgänger;Darstellung>Kutsche;Darstellung>Balustrade;Darstellung>Turm;Darstellung>Wolke;Darstellung>Straße;Hauptfarbe>Blacks;Akzentfarbe>Grays;Akzentfarbe>Browns;Stil>Romanticism;Stil>Realism",VII 59/747 x,VII_59_747_x.jpg,"Öl auf Leinwand","Die Königsbrücke mit den Königskolonnaden","Gärtner, Eduard"
VII_59_749_x,1858,1860,Reflective/Nostalgic,"Darstellung>Kloster;Darstellung>Ruine;Darstellung>Baum;Darstellung>Chladni-Figuren;Darstellung>Weg;Darstellung>Bogen <Architektur>;Darstellung>Laubblatt;Darstellung>Sonnenstrahlung;Darstellung>Natur;Darstellung>Frieden;Hauptfarbe>Browns;Akzentfarbe>Greens;Akzentfarbe>Grays;Stil>Romanticism;Stil>Realism",VII 59/749 x,VII_59_749_x.jpg,"Öl auf Leinwand","Die Klosterruine Lehnin","Gärtner, Eduard"
VII_59_758_x,1868,1870,Reflective/Nostalgic,"Darstellung>Stadtbild;Darstellung>Straße;Darstellung>Gebäude;Darstellung>Mensch;Darstellung>Pflaster;Darstellung>Fass;Darstellung>Kutsche;Darstellung>Wolke;Darstellung>Fenster;Darstellung>Fußgänger;Hauptfarbe>Blacks;Akzentfarbe>Grays;Akzentfarbe>Browns;Stil>Realism;Stil>Romanticism",VII 59/758 x,VII_59_758_x.jpg,"Öl auf Leinwand","Das alte Berliner Rathaus mit der Gerichtslaube","Graeb, Carl Georg Anton"
VII_59_761_x,1867,1870,Reflective/Nostalgic,"Darstellung>Straße;Darstellung>Architektur;Darstellung>Gebäude;Darstellung>Mensch;Darstellung>Wolke;Darstellung>Pflasterstein;Darstellung>Beschilderung;Darstellung>Schatten;Darstellung>Kutsche;Darstellung>Fenster;Hauptfarbe>Browns;Akzentfarbe>Grays;Akzentfarbe>Grays;Stil>Realism;Stil>Romanticism",VII 59/761 x,VII_59_761_x.jpg,"Öl auf Leinwand","Das alte Berliner Rathaus","Graeb, Carl Georg Anton"
VII_59_775_x,1825,1830,Reflective/Nostalgic,"Darstellung>Architektur;Darstellung>Dom;Darstellung>Platz;Darstellung>Kutsche;Darstellung>Menschenmenge;Darstellung>Baum;Darstellung>Kuppel;Darstellung>Fassade;Darstellung>Fußgänger;Darstellung>Reiter;Hauptfarbe>Greens;Akzentfarbe>Browns;Akzentfarbe>Browns;Stil>Realism;Stil>Romanticism",VII 59/775 x,VII_59_775_x.jpg,"Öl auf Leinwand","Die Domkirche in Berlin","Hasenpflug, Carl"
VII_59_806_x,1827,1830,Reflective/Nostalgic,"Darstellung>Kirche;Darstellung>Kirchturm;Darstellung>Wolke;Darstellung>Kutsche;Darstellung>Markt;Darstellung>Stadtbevölkerung;Darstellung>Pflasterstein;Darstellung>Pferd;Darstellung>Gebäude;Darstellung>Wagen;Hauptfarbe>Browns;Akzentfarbe>Grays;Akzentfarbe>Browns;Stil>Realism;Stil>Romanticism",VII 59/806 x,VII_59_806_x.jpg,"Öl auf Leinwand","Die Nikolaikirche in Berlin","Hintze, Johann Heinrich"
VII_59_849_x,1875,1880,Reflective/Nostalgic,"Darstellung>Gebäude;Darstellung>Baum;Darstellung>Schornstein;Darstellung>Fenster;Darstellung>Treppe;Darstellung>Laterne;Darstellung>Hund;Darstellung>Zaun;Darstellung>Wolke;Darstellung>Rauch;Hauptfarbe>Greens;Akzentfarbe>Browns;Akzentfarbe>Blacks;Stil>Realism;Stil>Naturalism",VII 59/849 x,VII_59_849_x.jpg,"Öl auf Leinwand","Beamtenhaus der Kgl. Eisengießerei","unbekannter Künstler"
VII_59_869_x,1847,1850,Reflective/Nostalgic,"Darstellung>Landschaft;Darstellung>Haus;Darstellung>Baum;Darstellung>Hang;Darstellung>Feld;Darstellung>Wagen;Darstellung>Weg;Darstellung>Zaun;Darstellung>Land;Darstellung>Fluss;Hauptfarbe>Blacks;Akzentfarbe>Grays;Akzentfarbe>Browns;Stil>Realism;Stil>Impressionism",VII 59/869 x,VII_59_869_x.jpg,"Öl auf Leinwand","Am Kreuzberg bei Berlin","Menzel, Adolph von"
VII_60_111_x,1842,1840,Reflective/Nostalgic,"Darstellung>Fluss;Darstellung>Plastik;Darstellung>Turm;Darstellung>Brücke;Darstellung>Spiegelung;Darstellung>Gebäude;Darstellung>Küste;Darstellung>Wolke;Darstellung>Baum;Darstellung>Zaun;Hauptfarbe>Grays;Akzentfarbe>Greens;Akzentfarbe>Grays;Stil>Realism;Stil>Romanticism",VII 60/111 x,VII_60_111_x.jpg,"Öl auf Holz","Das Wusterhausener Wehr","Zielke, Leopold"
VII_60_203_x,1929,1930,Reflective/Nostalgic,"Darstellung>Eisenbahn;Darstellung>Gleis;Darstellung>Straßenbahn;Darstellung>Gebäude;Darstellung>Baum;Darstellung>Werbung;Darstellung>Straße;Darstellung>Rauch;Darstellung>Lokomotive;Darstellung>Stadt;Hauptfarbe>Browns;Akzentfarbe>Grays;Akzentfarbe>Greens;Stil>Realism;Stil>Impressionism",VII 60/203 x,VII_60_203_x.jpg,"Öl auf Leinwand","Am Ringbahnhof Wilmersdorf-Friedenau","Schäkel, Theodor Wilhelm"
VII_60_286_x,1849,1850,Reflective/Nostalgic,"Darstellung>Architektur;Darstellung>Haus;Darstellung>Landschaft;Darstellung>Versammlung;Darstellung>Zaun;Darstellung>Baum;Darstellung>Wolke;Darstellung>Schornstein;Darstellung>Treppe;Darstellung>Wäscherei;Hauptfarbe>Greens;Akzentfarbe>Grays;Akzentfarbe>Blacks;Stil>Realism;Stil>Romanticism",VII 60/286 x,VII_60_286_x.jpg,"Öl auf Pappe","Haus Lützowerwegstraße, Ecke Potsdamer Straße","O´Brien, Franz"
VII_61_454_x,1905,1910,Reflective/Nostalgic,"Darstellung>Schnee;Darstellung>Kuppel;Darstellung>Gebäude;Darstellung>Abend;Darstellung>Kutsche;Darstellung>Fußgänger;Darstellung>Laterne;Darstellung>Winter;Darstellung>Fenster;Darstellung>Straße;Hauptfarbe>Grays;Akzentfarbe>Grays;Akzentfarbe>Browns;Stil>Impressionism;Stil>Realism",VII 61/454 x,VII_61_454_x.jpg,"Öl auf Leinwand","Böhmische Kirche am Heiligen Abend","Skarbina, Franz"
VII_62_195_x,1870,1870,Reflective/Nostalgic,"Darstellung>Dorf;Darstellung>Fluss;Darstellung>Berg;Darstellung>Gebäude;Darstellung>Landschaft;Darstellung>Baum;Darstellung>Himmel;Darstellung>Fels;Darstellung>Mensch;Darstellung>Wasser;Hauptfarbe>Greens;Akzentfarbe>Grays;Akzentfarbe>Grays;Stil>Realism;Stil>Romanticism",VII 62/195 x,VII_62_195_x.jpg,"Öl auf Leinwand","Südliche Landschaft","Munsch, Leopold"
VII_65_1443_x,1906,1910,Reflective/Nostalgic,"Darstellung>Gebäude;Darstellung>Straße;Darstellung>Mensch;Darstellung>Pflaster;Darstellung>Fassade;Darstellung>Fenster;Darstellung>Handel;Darstellung>Hund;Darstellung>Dach;Darstellung>Gehweg;Hauptfarbe>Greens;Akzentfarbe>Grays;Akzentfarbe>Grays;Stil>Realism;Stil>Impressionism",VII 65/1443 x,VII_65_1443_x.jpg,"Öl auf Leinwand","Parochialstraße 27-31","Skarbina, Franz"
VII_75_130_x,1926,1930,Reflective/Nostalgic,"Darstellung>Brücke;Darstellung>Kanal;Darstellung>Schnee;Darstellung>Winter;Darstellung>Mensch;Darstellung>Laterne;Darstellung>Kind;Darstellung>Gebäude;Darstellung>Verkehr;Darstellung>Fußgänger;Hauptfarbe>Grays;Akzentfarbe>Cyans;Akzentfarbe>Grays;Stil>Impressionism;Stil>Realism",VII 75/130 x,VII_75_130_x.jpg,"Öl auf Leinwand","Alt-Berlin, Jungfernbrücke","Baluschek, Hans"
GEM_86_15,1832,1830,Calm/Peaceful,"Darstellung>Gemälde;Darstellung>Kutsche;Darstellung>Springbrunnen;Darstellung>Platz;Darstellung>Fußgänger;Darstellung>Pferde <Familie>;Darstellung>Gebäude;Darstellung>Baum;Darstellung>Statue;Darstellung>Wolke;Hauptfarbe>Cyans;Akzentfarbe>Browns;Akzentfarbe>Grays;Stil>Realism;Stil>Romanticism",GEM 86/15,GEM_86_15.jpg,"Öl auf Leinwand","Das königliche Museum in Berlin, von der Schloßfreiheit aus gesehen","Hintze, Johann Heinrich"
GEM_89_11,1853,1850,Calm/Peaceful,"Darstellung>Landschaft;Darstellung>Himmel;Darstellung>Wolke;Darstellung>Baum;Darstellung>Wiese;Darstellung>Feld;Darstellung>Zaun;Darstellung>Dorf;Darstellung>Weg;Darstellung>Fluss;Hauptfarbe>Browns;Akzentfarbe>Yellows;Akzentfarbe>Greens;Stil>Romanticism;Stil>Realism",GEM 89/11,GEM_89_11.jpg,"Öl auf Leinwand","Wilmersdorf bei Berlin","Menzel, Adolph von"
GS_2000_28_GM,1847,1850,Calm/Peaceful,"Darstellung>Architektur;Darstellung>Garten;Darstellung>Gebäude;Darstellung>Landschaft;Darstellung>Baum;Darstellung>Blume;Darstellung>Gras;Darstellung>Weg;Darstellung>Himmel;Darstellung>Bank;Hauptfarbe>Blacks;Akzentfarbe>Grays;Akzentfarbe>Browns;Stil>Realism;Stil>Romanticism",GS 2000/28 GM,GS_2000_28_GM.jpg,"Öl auf Leinwand","Schloß Bellevue in Berlin von der Gartenseite","Gärtner, Eduard"
GEM_80_7,1827,1830,Calm/Peaceful,"Darstellung>Kirche;Darstellung>Uhrturm;Darstellung>Plastik;Darstellung>Platz;Darstellung>Fußgänger;Darstellung>Baum;Darstellung>Pflasterstein;Darstellung>Spaziergang;Darstellung>Balustrade;Darstellung>Kutsche;Hauptfarbe>Grays;Akzentfarbe>Greens;Akzentfarbe>Blacks;Stil>Realism;Stil>Romanticism",GEM 80/7,GEM_80_7.jpg,"Öl auf Kupferblech","Ansicht der Garnisonkirche in Potsdam","Hasenpflug, Carl"
GEM_84_1,1838,1840,Calm/Peaceful,"Darstellung>Garten;Darstellung>Statue;Darstellung>Baum;Darstellung>Haus;Darstellung>Treppe;Darstellung>Gewächshaus;Darstellung>Terrasse;Darstellung>Laubblatt;Darstellung>Blume;Darstellung>Efeu;Hauptfarbe>Blacks;Akzentfarbe>Grays;Akzentfarbe>Greens;Stil>Realism;Stil>Romanticism",GEM 84/1,GEM_84_1.jpg,"Öl auf Holz","Die Gartenseite des Schadowhauses","Schirmer, Wilhelm"
VII_59_463_x,1865,1870,Calm/Peaceful,"Darstellung>Synagoge;Darstellung>Architektur;Darstellung>Kuppel;Darstellung>Straße;Darstellung>Fußgänger;Darstellung>Pferde <Familie>;Darstellung>Kutsche;Darstellung>Baum;Darstellung>Gebäude;Darstellung>Pflasterstein;Hauptfarbe>Browns;Akzentfarbe>Grays;Akzentfarbe>Blacks;Stil>Realism;Stil>Romanticism",VII 59/463 x,VII_59_463_x.jpg,"Öl auf Leinwand","Die Synagoge in der Oranienburger Straße","Cauwer, Emil de"
VII_59_804_x,1827,1830,Calm/Peaceful,"Darstellung>Park;Darstellung>Kutsche;Darstellung>Mensch;Darstellung>Baum;Darstellung>Freizeit;Darstellung>Herrenhaus;Darstellung>Fluss;Darstellung>Hund;Darstellung>Spaziergang;Darstellung>Kamera;Hauptfarbe>Greens;Akzentfarbe>Browns;Akzentfarbe>Grays;Stil>Romanticism;Stil>Realism",VII 59/804 x,VII_59_804_x.jpg,"Öl auf Leinwand","Parklandschaft bei Schloß Bellevue","Hintze, Johann Heinrich"
VII_59_809_x,1832,1830,Calm/Peaceful,"Darstellung>Fluss;Darstellung>Brücke;Darstellung>Kirche;Darstellung>Wolke;Darstellung>Boot;Darstellung>Gebäude;Darstellung>Küste;Darstellung>Turm;Darstellung>Dock;Darstellung>Himmel;Hauptfarbe>Grays;Akzentfarbe>Cyans;Akzentfarbe>Grays;Stil>Realism;Stil>Romanticism",VII 59/809 x,VII_59_809_x.jpg,"Öl auf Holz","Blick auf die Kurfürstenbrücke vom Mühlendamm aus","Hintze, Johann Heinrich"
VII_60_411_x,1784,1780,Calm/Peaceful,"Darstellung>Dom;Darstellung>Kuppel;Darstellung>Säule;Darstellung>Statue;Darstellung>Fußgänger;Darstellung>Kutsche;Darstellung>Platz;Darstellung>Fassade;Darstellung>Säule;Darstellung>Wolke;Hauptfarbe>Grays;Akzentfarbe>Greens;Akzentfarbe>Browns;Stil>Neoclassicism;Stil>Realism",VII 60/411 x,VII_60_411_x.jpg,"Öl auf Leinwand","Die Neue (Deutsche) Kirche auf dem Gendarmenmarkt mit Nachbarschaft","unbekannter Künstler"
GEM_70_3,1906,1910,Sad/Melancholic,"Darstellung>Prozession;Darstellung>Säule;Darstellung>Plastik;Darstellung>Zeremoniell;Darstellung>Uniform;Darstellung>Banner;Darstellung>Menschenmenge;Darstellung>Architektur;Darstellung>Säulengang;Darstellung>Statue;Hauptfarbe>Grays;Akzentfarbe>Grays;Akzentfarbe>Greens;Stil>Realism;Stil>Historical Painting",GEM 70/3,GEM_70_3.jpg,"Öl auf Leinwand","Staatsbegräbnis für Adolph von Menzel","Brendel, Carl Alexander"
GEM_91_11,1910,1910,Sad/Melancholic,"Darstellung>Nacht;Darstellung>Eisenbahn;Darstellung>Arbeiter;Darstellung>Bau;Darstellung>Laterne;Darstellung>Kutsche;Darstellung>Gleis;Darstellung>Menschenmenge;Darstellung>Stadt;Darstellung>Abend;Hauptfarbe>Grays;Akzentfarbe>Grays;Akzentfarbe>Grays;Stil>Impressionism;Stil>Realism",GEM 91/11,GEM_91_11.jpg,"Öl auf Leinwand","U-Bahnbau bei Nacht","Sandrock, Leonhard"
VII_59_777_x,1848,1850,Sad/Melancholic,"Darstellung>Barrikade;Darstellung>Mond;Darstellung>Soldat;Darstellung>Nacht;Darstellung>Gebäude;Darstellung>Laterne;Darstellung>Feuer;Darstellung>Konflikt;Darstellung>Schaden;Darstellung>Pflasterstein;Hauptfarbe>Grays;Akzentfarbe>Greens;Akzentfarbe>Grays;Stil>Romanticism;Stil>Realism",VII 59/777 x,VII_59_777_x.jpg,"Öl auf Pappe","Die Barrikade Jäger- Ecke Kurstraße in der Nacht vom 18. zum 19. März 1848","Heil, Gustav"
VII_60_165_x,1907,1910,Energetic/Tense,"Darstellung>Abend;Darstellung>Menschenmenge;Darstellung>Gebäude;Darstellung>Statue;Darstellung>Beleuchtung;Darstellung>Pferd;Darstellung>Versammlung;Darstellung>Fenster;Darstellung>Nacht;Darstellung>Feier;Hauptfarbe>Grays;Akzentfarbe>Greens;Akzentfarbe>Browns;Stil>Impressionism;Stil>Realism",VII 60/165 x,VII_60_165_x.jpg,"Öl auf Leinwand","Kundgebung vor dem Berliner Schloss in der Nacht des 6. Februar 1907","Skarbina, Franz"
